name|team|ip|w|sv|hld|era|whip|so|hr|qs|er|h|bb|hbp|bf
Tanner Andrews|TOR|3.0|0|0|0|0.0|1.0|1|0|0|0|1|2|0|11
Spencer Bivens|SFG|2.0|0|0|0|0.0|2.0|3|0|0|0|3|1|0|10
Ty Blach|CHC|3.0|0|0|0|0.0|0.33|2|0|0|0|1|0|0|9
Scott Blewett|STL|2.0|0|0|0|0.0|1.5|2|0|0|0|1|2|0|9
Tyler Callihan|PIT|2.0|0|0|0|0.0|2.5|0|0|0|0|2|3|0|11
Eiberson Castellano|COL|3.0|0|1|0|0.0|1.33|2|0|0|0|4|0|1|12
Tom Cosgrove|WSH|4.7|0|1|2|0.0|0.86|4|0|0|0|3|1|0|17
Yovanny Cruz|NYY|4.3|0|0|0|0.0|0.23|6|0|0|0|1|0|1|15
Khristian Curtis|PIT|5.0|0|0|0|0.0|0.8|4|0|0|0|2|2|0|17
Duncan Davitt|CHW|1.0|0|0|0|0.0|1.0|0|0|0|0|0|1|0|3
Daniel Duarte|NYM|6.3|0|0|0|0.0|0.47|4|0|0|0|1|2|0|20
Jose Espada|BAL|1.0|0|0|0|0.0|2.0|0|0|0|0|2|0|0|4
Jason Foley|SFG|2.0|0|0|0|0.0|0.0|1|0|0|0|0|0|0|6
Marco Gonzales|TEX|3.0|0|1|0|0.0|1.33|2|0|0|0|2|2|0|13
Michael Grove|TBR|3.0|1|0|0|0.0|0.33|4|0|0|0|1|0|0|10
Sam Haggerty|TEX|1.0|0|0|0|0.0|0.0|0|0|0|0|0|0|1|3
Welinton Herrera|COL|2.3|0|0|0|0.0|1.29|2|0|0|0|2|1|0|10
P.J. Higgins|CIN|1.0|0|0|0|0.0|0.0|1|0|0|0|0|0|0|3
Brooks Kriske|ATH|2.7|0|0|0|0.0|1.13|2|0|0|0|2|1|0|11
Alex McFarlane|PHI|1.0|0|0|0|0.0|1.0|0|0|0|0|1|0|0|4
Easton McGee|MIL|2.0|0|0|0|0.0|1.0|1|0|0|0|1|1|0|6
Reese McGuire|CHW|1.0|0|0|0|0.0|0.0|0|0|0|0|0|0|0|3
Jake Meyers|HOU|1.0|0|0|0|0.0|0.0|0|0|0|0|0|0|0|3
Jake Rogers|DET|2.3|0|0|0|0.0|1.71|3|0|0|0|3|1|1|12
Yacksel Ríos|CHC|1.7|0|0|0|0.0|0.0|2|0|0|0|0|0|0|5
Max Schuemann|NYY|1.0|0|0|0|0.0|2.0|0|0|0|0|1|1|0|5
Zack Short|NYM|1.0|0|0|0|0.0|0.0|0|0|0|0|0|0|0|3
Garrett Stallings|MIL|3.0|0|0|0|0.0|0.67|4|0|0|0|1|1|0|11
Myles Straw|TOR|3.0|0|0|0|0.0|2.0|0|0|0|0|5|1|0|15
Bryan Torres|STL|2.0|0|0|0|0.0|1.0|0|0|0|0|1|1|0|8
Miguel Ullola|HOU|4.0|0|0|0|0.0|0.5|7|0|0|0|2|0|0|14
CJ Van Eyk|TOR|2.0|0|0|0|0.0|0.5|1|0|0|0|1|0|1|8
Vince Velasquez|CHC|3.3|0|0|0|0.0|0.3|1|0|0|0|1|0|0|11
Cameron Weston|BAL|1.0|0|0|0|0.0|1.0|1|0|0|0|0|1|0|3
Eddy Yean|WSH|4.0|0|0|0|0.0|0.75|4|0|0|0|1|2|0|15
Guillo Zuñiga|NYM|1.0|0|0|0|0.0|1.0|1|0|0|0|0|1|0|4
Matt Brash|SEA|16.7|3|0|6|0.54|0.84|15|0|0|1|8|6|3|64
Robert Suarez|ATL|32.0|4|4|12|0.56|0.84|26|1|0|2|21|6|0|121
Angel Chivilli|NYY|11.3|1|0|0|0.79|0.79|12|1|0|1|5|4|1|45
Mason Miller|SDP|41.7|2|25|0|0.86|0.86|78|0|0|4|21|15|1|160
Yerry De los Santos|NYY|8.7|0|0|0|1.04|1.38|7|1|0|1|8|4|0|38
Louis Varland|TOR|51.0|3|20|5|1.06|0.96|68|1|0|6|36|13|0|196
Alimber Santa|HOU|15.3|0|0|0|1.17|0.91|9|1|0|2|8|6|0|59
Jacob Waguespack|DET|14.3|0|0|1|1.26|0.84|10|2|0|2|8|4|1|57
Jhoan Duran|PHI|34.0|1|24|0|1.32|0.91|50|1|0|5|25|6|1|131
Brian Fitzpatrick|MIL|6.7|0|0|0|1.35|1.5|5|0|0|1|7|3|0|30
Brent Headrick|NYY|51.3|5|0|12|1.4|1.07|62|2|0|8|38|17|0|207
Josh Hader|HOU|18.3|3|11|0|1.47|0.98|29|1|0|3|10|8|0|73
Carl Edwards Jr.|NYM|6.0|0|0|0|1.5|1.17|11|1|0|1|3|4|0|25
Logan VanWey|HOU|6.0|1|0|0|1.5|0.83|5|0|0|1|5|0|0|22
Jacob Latz|TEX|47.0|2|19|2|1.53|0.64|48|3|0|8|19|11|0|170
Jacob Misiorowski|MIL|115.0|10|0|0|1.57|0.77|173|9|12|20|61|28|8|439
Tyler Rogers|TOR|45.7|1|2|20|1.58|1.12|25|0|0|8|38|13|0|187
Franco Aleman|CLE|11.0|0|0|3|1.64|1.0|8|1|0|2|7|4|0|41
Bryan Baker|TBR|38.3|1|26|2|1.64|0.83|42|2|0|7|20|12|1|147
Josh Ekness|MIA|5.3|0|1|0|1.69|1.31|5|0|0|1|2|5|0|22
A.J. Minter|NYM|21.0|1|0|1|1.71|1.0|18|3|0|4|19|2|0|83
Cam Booser|TBR|20.7|0|0|5|1.74|0.68|26|4|0|4|10|4|0|75
Brandyn Garcia|ARI|25.7|0|1|11|1.75|0.74|29|0|0|5|13|6|3|94
Dylan Lee|ATL|45.7|5|0|19|1.77|0.72|57|1|0|9|25|8|0|169
Shohei Ohtani|LAD|85.7|8|0|0|1.79|0.95|95|4|12|17|55|26|6|340
Kohl Drake|ARI|5.0|0|0|0|1.8|1.2|5|0|0|1|4|2|1|21
Troy Melton|DET|55.0|5|0|0|1.8|0.87|50|7|5|11|33|15|2|212
Ben Brown|CHC|68.0|4|1|2|1.85|0.94|65|2|3|14|45|19|2|265
James Karinchak|ATL|9.7|0|0|1|1.86|0.93|8|1|0|2|4|5|0|37
Colin Holderman|CLE|37.7|5|1|8|1.91|0.9|40|1|0|8|20|14|3|148
Aroldis Chapman|BOS|32.7|1|23|0|1.93|1.26|40|1|0|7|25|16|1|138
Chad Dallas|TOR|4.7|1|0|1|1.93|1.07|3|0|0|1|3|2|0|19
Randy Dobnak|KCR|14.0|0|0|0|1.93|1.5|7|2|0|3|13|8|0|62
Zac Thornton|NYM|23.3|1|0|0|1.93|0.86|17|1|3|5|14|6|0|87
Garrett Whitlock|BOS|37.0|5|2|19|1.95|0.86|39|3|0|8|26|6|0|140
Brooks Raley|NYM|36.7|4|0|13|1.96|1.12|38|2|0|8|27|14|3|153
Luke Weaver|NYM|41.0|2|1|14|1.98|0.8|43|3|0|9|22|11|1|157
Paul Blackburn|NYY|54.0|3|1|1|2.0|1.06|41|4|0|12|39|18|1|210
Alec Gamboa|BOS|9.0|0|1|0|2.0|1.0|6|1|0|2|5|4|0|35
Jonathan Loáisiga|ARI|40.0|2|1|8|2.03|1.0|29|1|0|9|31|9|1|156
DL Hall|MIL|31.0|0|0|3|2.03|1.23|32|1|0|7|14|24|1|126
Joe Mantiply|TOR|17.7|1|0|0|2.04|1.13|16|1|0|4|16|4|1|71
Gabe Speier|SEA|26.3|1|1|13|2.05|1.14|21|3|0|6|20|10|3|110
Chris Sale|ATL|105.0|10|0|0|2.06|1.06|123|8|11|24|86|25|9|426
Bryan Hudson|CHW|43.3|3|4|6|2.08|1.2|42|1|0|10|36|16|4|181
Bradgley Rodriguez|SDP|43.0|2|0|6|2.09|1.12|42|2|0|10|33|15|0|178
Daniel Lynch IV|KCR|42.3|3|1|12|2.13|0.92|34|2|0|10|27|12|2|168
Steven Okert|HOU|50.7|3|0|13|2.13|0.83|52|5|0|12|30|12|2|192
Dylan Dodd|ATL|29.3|2|1|5|2.15|0.82|33|3|0|7|15|9|0|111
Riley Martin|CHC|8.3|0|0|0|2.16|0.84|10|1|0|2|5|2|0|31
Zack Wheeler|PHI|100.0|10|0|0|2.16|0.88|117|11|12|24|66|22|2|380
Brock Stewart|LAD|12.3|0|0|4|2.19|0.81|12|2|0|3|5|5|0|47
Cam Schlittler|NYY|123.0|9|0|0|2.2|0.96|145|12|12|30|93|25|4|489
Evan Sisk|PIT|36.3|1|0|5|2.23|1.18|43|2|0|9|30|13|6|152
Jake Eder|LAD|4.0|1|0|0|2.25|1.0|1|0|0|1|3|1|0|15
Julian Fernández|WSH|4.0|0|0|0|2.25|1.25|3|1|0|1|3|2|0|18
Gavin Hollowell|CHC|12.0|0|0|1|2.25|1.33|13|2|0|3|8|8|1|52
Kevin Kelly|TBR|47.7|5|4|20|2.27|0.88|35|4|0|12|34|8|3|179
Bryce Miller|SEA|63.3|4|0|0|2.27|0.88|71|9|3|16|46|10|1|241
Paul Gervase|LAD|7.7|0|0|0|2.35|1.57|8|0|0|2|7|5|0|34
Tejay Antone|CIN|30.3|1|1|4|2.37|0.92|26|4|0|8|20|8|2|123
Abner Uribe|MIL|41.7|4|6|15|2.38|1.06|41|3|0|11|29|15|0|164
Joel Peguero|SFG|11.3|0|0|1|2.38|1.24|5|0|0|3|10|4|2|48
Clay Holmes|NYM|52.7|4|0|0|2.39|1.1|45|3|4|14|40|18|1|215
Tanner Scott|LAD|41.3|1|15|6|2.4|0.77|53|4|0|11|27|5|1|153
Taylor Clarke|ARI|45.0|2|0|12|2.4|0.87|24|4|0|12|30|9|3|172
Kyle Finnegan|DET|45.0|2|1|12|2.4|1.44|35|5|0|12|40|25|1|188
Yennier Cano|BAL|33.7|1|1|8|2.41|1.04|28|1|0|9|27|8|1|137
Sean Newcomb|CHW|56.0|0|3|8|2.41|1.09|55|1|0|15|41|20|5|227
Edgardo Henriquez|LAD|41.0|4|1|6|2.41|1.0|40|1|0|11|24|17|3|162
Chase Burns|CIN|107.7|12|0|0|2.42|1.11|124|12|9|29|80|39|0|433
Logan Allen|CLE|7.3|0|0|0|2.45|2.05|10|0|0|2|11|4|0|38
Zach Eflin|BAL|3.7|0|0|0|2.45|1.64|7|1|0|1|4|2|0|17
Hunter Gaddis|CLE|33.0|1|1|19|2.45|1.27|31|3|0|9|32|10|1|142
Cade Horton|CHC|7.3|1|0|0|2.45|0.82|4|1|1|2|4|2|0|26
Samy Natera Jr.|LAA|18.3|1|1|3|2.45|0.93|28|1|0|5|9|8|1|73
John King|MIA|40.0|6|1|4|2.48|0.75|30|4|0|11|20|10|4|149
Sonny Gray|BOS|101.7|12|0|0|2.48|1.12|90|11|13|28|86|28|3|408
Tyron Guerrero|BOS|21.7|1|0|10|2.49|1.06|27|2|0|6|21|2|2|90
Jason Adam|SDP|32.3|2|2|17|2.51|1.18|22|5|0|9|30|8|2|134
Fernando Cruz|NYY|43.0|4|2|16|2.51|1.33|55|3|0|12|31|26|2|184
David Bednar|NYY|42.7|4|18|0|2.53|1.1|48|2|0|12|33|14|2|176
Ryan Rolison|CHC|39.0|5|1|3|2.54|1.23|40|4|0|11|31|17|0|155
Raisel Iglesias|ATL|35.0|0|20|0|2.57|1.06|40|4|0|10|30|7|0|137
Jake Bennett|BOS|59.3|6|0|0|2.58|0.94|42|4|5|17|47|9|2|229
Nick Martinez|TBR|111.3|9|0|0|2.59|1.12|62|11|10|32|105|20|3|452
Didier Fuentes|ATL|41.7|4|1|10|2.59|1.18|48|2|0|12|36|13|2|174
Justin Wrobleski|LAD|106.7|11|0|0|2.62|1.01|80|8|12|31|87|21|3|424
Anthony Bender|MIA|34.3|1|2|8|2.62|0.96|41|1|0|10|21|12|3|140
Alex Vesia|LAD|34.3|1|3|16|2.62|1.19|49|1|0|10|18|23|0|145
Eduardo Rodriguez|ARI|116.7|8|0|0|2.62|1.22|82|12|12|34|101|41|0|478
Grant Taylor|CHW|51.3|4|5|6|2.63|1.07|72|4|0|15|38|17|0|208
Sam Hentges|SFG|20.3|1|0|5|2.66|1.62|23|0|0|6|17|16|3|94
Tyler Samaniego|BOS|20.3|0|0|1|2.66|1.48|17|1|0|6|22|8|2|90
Dylan Cease|TOR|104.3|6|0|0|2.67|1.14|155|7|8|31|74|45|3|427
Max Meyer|MIA|111.0|9|0|0|2.68|1.14|121|11|7|33|85|41|7|462
Parker Messick|CLE|117.7|8|0|0|2.68|1.05|116|11|7|35|88|36|1|467
Foster Griffin|WSH|117.3|11|0|0|2.68|1.03|111|17|11|35|94|27|7|473
Garrett Acton|MIN|6.7|1|0|0|2.7|1.05|9|0|0|2|4|3|1|28
Ryan Fernandez|STL|13.3|1|0|1|2.7|1.35|20|1|0|4|11|7|0|59
Dax Fulton|MIA|10.0|0|0|0|2.7|1.0|10|0|0|3|5|5|0|39
Daniel Palencia|CHC|16.7|2|3|0|2.7|1.38|19|2|0|5|17|6|0|71
PJ Poulin|WSH|36.7|3|3|7|2.7|1.31|25|4|0|11|27|21|1|153
Trent Thornton|CHC|30.0|3|3|1|2.7|1.03|13|4|0|9|21|10|1|115
Cristopher Sánchez|PHI|132.7|12|0|0|2.71|1.19|151|12|14|40|133|25|4|550
Cade Smith|CLE|46.3|3|29|0|2.72|1.06|66|4|0|14|38|11|1|187
Rico Garcia|BAL|43.0|4|4|12|2.72|0.88|44|6|0|13|24|14|0|165
Tyler Glasnow|LAD|39.7|3|0|0|2.72|0.83|49|5|4|12|20|13|0|148
JT Brubaker|SFG|49.3|0|1|3|2.74|1.14|35|4|0|15|36|20|0|197
Brennan Bernardino|COL|42.7|3|1|5|2.74|1.2|33|2|0|13|39|12|2|178
Orion Kerkering|PHI|39.3|6|1|10|2.75|1.25|44|3|0|12|26|23|3|171
Will Klein|LAD|39.3|3|2|12|2.75|1.45|45|2|0|12|39|18|2|173
Huascar Brazobán|NYM|49.0|4|0|7|2.76|1.06|46|3|0|15|30|22|1|195
Jovani Morán|BOS|42.3|2|0|2|2.76|0.97|47|5|0|13|22|19|1|168
Yuki Matsui|SDP|35.7|1|0|5|2.78|1.29|39|5|0|11|23|23|2|150
Walbert Ureña|LAA|87.3|6|0|1|2.78|1.31|83|5|7|27|67|47|7|378
Yoshinobu Yamamoto|LAD|119.7|10|0|0|2.78|0.88|113|13|14|37|80|25|3|455
José A. Ferrer|SEA|42.0|3|3|10|2.79|1.36|35|3|0|13|44|13|4|185
Casey Mize|DET|80.7|4|0|0|2.79|1.03|82|5|7|25|64|19|1|320
Brock Burke|CIN|48.3|3|1|11|2.79|1.37|40|4|0|15|37|29|2|208
Gabriel Hughes|COL|19.3|0|1|0|2.79|1.14|19|0|1|6|16|6|0|77
Jack Dreyer|LAD|41.3|4|0|5|2.83|0.99|47|6|0|13|31|10|1|163
Tarik Skubal|DET|82.7|6|0|0|2.83|0.93|98|10|7|26|66|11|4|321
Eduard Bazardo|SEA|44.3|3|0|19|2.84|1.26|44|4|0|14|42|14|1|184
Jose Cuas|KCR|6.3|0|0|0|2.84|1.58|9|0|0|2|8|2|0|29
José Fermin|LAA|31.7|3|0|4|2.84|1.2|34|3|0|10|21|17|2|133
Brant Hurter|DET|25.3|4|0|1|2.84|1.07|18|1|0|8|15|12|1|101
Ben Peoples|TEX|6.3|0|0|0|2.84|0.79|4|2|0|2|5|0|0|24
Tyler Alexander|TEX|44.0|1|4|8|2.86|1.3|39|2|0|14|45|12|2|186
Juan Morillo|ARI|40.7|3|1|11|2.88|1.08|48|2|0|13|28|16|2|166
Jack Anderson|MIN|9.3|0|0|0|2.89|1.07|7|1|0|3|8|2|0|36
Chase Silseth|LAA|37.3|3|0|7|2.89|1.37|46|3|0|12|31|20|1|162
Michael Petersen|MIA|43.3|1|1|17|2.91|0.99|51|4|0|14|26|17|2|171
Jacob Webb|CHC|43.3|3|5|7|2.91|1.32|50|6|0|14|40|17|0|185
Michael McGreevy|STL|108.0|4|0|0|2.92|1.1|71|14|13|35|95|24|0|427
Jakob Junis|TEX|37.0|1|5|12|2.92|1.08|29|2|0|12|34|6|3|152
William Kempner|MIA|12.3|1|0|0|2.92|0.97|14|1|0|4|8|4|2|50
Tyler Wells|BAL|49.0|2|3|11|2.94|1.0|51|6|0|16|38|11|2|194
Jonathan Bowlan|PHI|33.7|2|0|5|2.94|1.04|39|3|0|11|27|8|2|135
Ryan Thompson|ARI|36.7|4|0|7|2.95|1.31|26|3|0|12|38|10|3|158
Max Fried|NYY|66.7|4|0|0|2.97|0.96|57|1|6|22|44|20|2|256
Brandon Woodruff|MIL|45.3|2|0|0|2.98|0.84|47|5|3|15|28|10|1|174
Zach Brzykcy|MIA|3.0|0|0|0|3.0|1.67|2|0|0|1|3|2|0|12
Xzavion Curry|NYM|6.0|0|0|0|3.0|1.17|4|1|0|2|5|2|0|25
Trevor Megill|MIL|39.0|2|16|7|3.0|0.97|48|0|0|13|27|11|1|157
Marco Raya|MIN|6.0|0|0|0|3.0|1.33|4|1|0|2|5|3|0|25
Dylan Smith|SFG|15.0|0|1|3|3.0|1.2|16|2|0|5|11|7|2|66
Blade Tidwell|SFG|12.0|0|1|1|3.0|1.08|10|1|0|4|10|3|1|47
Kyle Harrison|MIL|83.7|8|0|0|3.01|1.08|101|10|6|28|70|20|4|341
Wandy Peralta|SDP|50.7|1|0|3|3.02|1.34|32|4|0|17|47|21|2|211
Peter Lambert|HOU|98.0|8|0|0|3.03|1.12|94|11|8|33|72|38|7|405
Tyler Holton|DET|44.3|1|1|9|3.05|1.33|37|5|0|15|49|10|3|188
Logan Henderson|MIL|38.3|4|0|0|3.05|0.94|47|5|1|13|29|7|1|148
Tim Herrin|CLE|32.3|1|0|14|3.06|1.3|27|4|0|11|23|19|4|139
Erik Miller|SFG|29.3|2|2|10|3.07|1.43|41|2|0|10|22|20|1|128
Michael Soroka|ARI|82.0|8|0|0|3.07|1.09|79|6|7|28|72|17|5|333
Ty Madden|DET|23.3|0|0|0|3.09|1.11|28|2|0|8|17|9|1|97
Christian Scott|NYM|63.3|3|0|0|3.13|1.26|78|7|0|22|51|29|5|271
Keider Montero|DET|106.0|7|1|0|3.14|0.96|78|10|7|37|80|22|3|419
Ranger Suarez|BOS|91.3|4|0|0|3.15|1.16|97|5|7|32|80|26|2|376
Emerson Hancock|SEA|105.3|6|0|0|3.16|1.01|97|13|10|37|80|26|4|414
Shane McClanahan|TBR|91.0|8|0|0|3.16|1.15|85|7|4|32|74|31|3|378
Gordon Graceffo|STL|48.3|6|1|4|3.17|1.08|26|5|0|17|30|22|2|191
Carter Baumler|TEX|5.7|0|0|0|3.18|1.76|6|1|0|2|4|6|1|27
Hunter Dobbins|STL|28.3|2|1|0|3.18|1.31|28|3|1|10|27|10|1|119
Drew Rom|MIL|5.7|1|0|0|3.18|1.76|11|1|0|2|6|4|0|27
Burch Smith|DET|17.0|0|0|0|3.18|1.47|20|2|0|6|18|7|0|73
Danny Young|ATL|5.7|0|0|3|3.18|1.59|4|1|0|2|5|4|1|25
Shane Drohan|MIL|76.0|5|1|2|3.2|1.18|76|6|4|27|69|21|3|317
Sean Burke|CHW|112.3|7|0|0|3.2|1.13|120|13|7|40|93|34|7|458
Yohan Ramírez|PIT|53.3|6|1|6|3.21|1.35|59|4|0|19|41|31|10|235
Keaton Winn|SFG|33.7|2|1|11|3.21|1.07|26|2|0|12|25|11|2|135
Julian Garcia|CIN|14.0|0|0|1|3.21|0.93|14|3|0|5|6|7|0|53
Kevin Ginkel|ARI|42.0|4|0|9|3.21|1.14|42|4|0|15|36|12|0|168
Hogan Harris|ATH|44.7|3|7|10|3.22|1.52|60|5|0|16|40|28|4|204
Beck Way|KCR|22.3|1|0|1|3.22|1.52|21|4|0|8|24|10|0|98
Michael King|SDP|119.3|6|0|0|3.24|1.17|103|11|10|43|91|49|9|491
George Soriano|STL|44.3|3|2|16|3.25|1.06|40|5|0|16|31|16|1|180
Brandon Young|BAL|91.3|8|0|0|3.25|1.31|74|9|8|33|88|32|1|390
Drew Rasmussen|TBR|104.3|8|0|0|3.28|0.98|103|12|10|38|84|18|5|415
John Schreiber|KCR|38.3|0|1|7|3.29|1.28|28|6|0|14|34|15|1|158
Carlos Rodón|NYY|46.3|4|0|0|3.3|1.25|52|3|3|17|32|26|1|194
Zack Kelly|BOS|16.3|0|0|3|3.31|1.29|14|1|0|6|14|7|1|71
Davis Martin|CHW|106.0|9|0|0|3.31|1.27|97|6|10|39|102|33|4|440
Payton Tolle|BOS|89.7|5|0|0|3.31|1.1|96|9|8|33|73|26|3|367
Aaron Ashby|MIL|59.7|12|0|8|3.32|1.41|82|5|0|22|54|30|2|261
Kendry Rojas|MIN|21.7|1|0|1|3.32|1.57|24|1|0|8|16|18|1|96
Spencer Miles|TOR|67.7|4|0|2|3.33|1.11|65|5|0|25|56|19|0|274
Graham Ashcraft|CIN|27.0|1|1|10|3.33|1.22|32|2|0|10|17|16|0|109
Adrian Morejon|SDP|54.0|7|1|15|3.33|1.11|61|3|0|20|47|13|2|221
Robbie Ray|SFG|110.7|8|0|0|3.33|1.3|96|15|7|41|90|54|0|465
Nolan McLean|NYM|113.3|7|0|0|3.34|1.09|135|10|11|42|83|41|13|469
Carmen Mlodzinski|PIT|86.3|6|2|2|3.34|1.36|69|7|1|32|87|30|2|372
JoJo Romero|STL|43.0|1|0|20|3.35|1.3|43|5|0|16|40|16|4|186
Jhony Brito|SDP|5.3|0|0|1|3.38|0.94|4|1|0|2|4|1|0|20
Juan Burgos|ARI|2.7|0|0|0|3.38|1.13|0|0|0|1|3|0|1|12
Kervin Castro|NYY|2.7|0|0|0|3.38|0.75|4|0|0|1|2|0|0|10
Nick Davila|SEA|21.3|0|1|2|3.38|1.13|9|1|0|8|14|10|3|88
Robert Garcia|TEX|8.0|0|0|2|3.38|1.5|6|0|0|3|5|7|0|34
Logan Gilbert|SEA|120.0|8|0|0|3.38|0.98|129|15|9|45|93|25|5|472
Andrew Morris|MIN|48.0|4|3|14|3.38|1.27|49|3|0|18|46|15|2|203
Martín Pérez|ATL|85.3|6|0|0|3.38|1.2|65|10|2|32|66|36|2|349
Erik Sabrowski|CLE|29.3|3|0|20|3.38|1.26|49|3|0|11|17|20|0|124
Tyler Uberstine|BOS|2.7|0|0|0|3.38|1.5|2|1|0|1|3|1|0|11
Carson Whisenhunt|SFG|10.7|2|0|0|3.38|1.41|6|1|0|4|9|6|0|46
Joe Ryan|MIN|114.3|6|0|0|3.38|1.1|131|16|11|43|101|25|5|472
Bryan King|HOU|45.0|2|6|12|3.4|1.31|35|6|0|17|43|16|4|193
Cole Wilcox|SEA|21.0|0|0|0|3.43|1.57|20|1|0|8|19|14|2|96
José Soriano|LAA|118.0|8|0|0|3.43|1.25|122|12|8|45|94|54|4|491
Jesús Luzardo|PHI|115.3|9|0|0|3.43|1.21|143|10|10|44|102|37|7|483
Paul Skenes|PIT|115.3|9|0|0|3.43|1.04|138|11|10|44|94|26|7|465
Connelly Early|BOS|91.7|7|0|0|3.44|1.25|93|15|7|35|81|34|9|390
Peyton Gray|TEX|36.7|4|0|6|3.44|1.23|39|3|0|14|33|12|2|160
Grant Anderson|MIL|44.3|3|0|5|3.45|1.13|36|5|0|17|32|18|0|173
J.T. Ginn|ATH|109.3|8|0|0|3.46|1.22|100|13|9|42|84|49|6|457
Jeremiah Estrada|SDP|20.7|2|1|6|3.48|1.11|23|2|0|8|13|10|0|82
Joe Rock|CHW|10.3|0|0|0|3.48|2.13|12|0|0|4|11|11|2|53
Kyle Bradish|BAL|113.3|7|0|0|3.49|1.32|110|12|10|44|99|51|2|477
Jordan Hicks|CHW|28.3|0|1|5|3.49|1.48|33|1|0|11|23|19|1|125
Tyler Phillips|MIA|79.3|2|2|0|3.52|1.39|58|9|2|31|74|36|2|342
Cooper Criswell|SEA|30.7|2|1|3|3.52|1.17|23|3|0|12|28|8|1|121
Chad Patrick|MIL|76.7|5|4|4|3.52|1.21|66|8|1|30|65|28|0|312
Blake Treinen|LAD|23.0|4|1|6|3.52|1.35|25|2|0|9|21|10|1|100
Hoby Milner|CHC|35.7|1|1|6|3.53|1.21|18|4|0|14|34|9|3|149
Eury Pérez|MIA|91.7|5|0|0|3.53|1.11|104|13|7|36|65|37|7|371
Albert Suárez|BAL|40.7|2|1|0|3.54|1.2|28|7|0|16|36|13|0|167
Yoendrys Gómez|MIN|45.7|1|12|6|3.55|1.27|40|6|0|18|37|21|3|197
Mason Black|KCR|17.7|0|0|0|3.57|1.7|15|3|0|7|19|11|2|82
George Kirby|SEA|116.0|8|0|0|3.57|1.28|104|11|12|46|124|25|2|477
Kirby Yates|LAA|22.7|0|3|0|3.57|1.06|30|2|0|9|15|9|3|95
Cade Cavalli|WSH|110.7|7|0|0|3.58|1.29|127|9|10|44|109|34|12|478
Mitch Farris|LAA|42.7|0|0|1|3.59|1.41|42|8|0|17|42|18|1|178
Justin Bruihl|STL|47.7|0|0|6|3.59|1.36|32|2|0|19|46|19|8|214
Kyle Leahy|STL|95.3|7|0|0|3.59|1.35|79|10|4|38|96|33|5|408
Nate Pearson|HOU|20.0|1|1|0|3.6|1.4|16|1|0|8|16|12|1|84
Gregory Santos|SFG|5.0|0|0|0|3.6|1.6|1|0|0|2|5|3|0|22
Antonio Senzatela|COL|50.0|9|3|2|3.6|1.24|44|4|0|20|46|16|1|207
Jonah Tong|NYM|10.0|1|0|0|3.6|1.5|7|1|0|4|8|7|0|47
Ben Williamson|TBR|5.0|0|0|0|3.6|1.2|0|1|0|2|5|1|0|21
Lake Bachar|MIA|52.0|1|1|1|3.63|1.1|58|7|0|21|37|20|3|214
Greg Weissert|BOS|39.3|2|0|5|3.66|1.22|36|6|0|16|36|12|1|165
Michael Wacha|KCR|125.3|5|0|0|3.66|1.17|101|15|13|51|111|36|5|510
Riley O'Brien|STL|41.7|3|26|1|3.67|1.22|44|2|0|17|34|17|9|180
Zach Pop|PHI|7.3|0|0|0|3.68|1.09|6|0|0|3|5|3|1|31
Grant Holmes|ATL|92.3|6|0|0|3.7|1.34|78|15|5|38|83|41|3|400
Luis Medina|ATH|46.0|2|0|5|3.72|1.5|55|4|0|19|45|24|3|205
Garrett Cleavinger|TBR|29.0|2|2|16|3.72|1.31|39|4|0|12|25|13|1|123
Braydon Fisher|TOR|50.7|3|1|8|3.73|1.18|51|6|0|21|36|24|2|205
Joey Cantillo|CLE|106.0|8|0|0|3.74|1.42|112|12|4|44|99|52|2|455
Jacob deGrom|TEX|105.3|7|0|0|3.76|1.05|128|16|8|44|87|24|0|424
Trey Yesavage|TOR|81.0|4|0|0|3.78|1.16|78|8|6|34|53|41|2|335
Mason Montgomery|PIT|40.3|3|1|9|3.79|1.24|60|4|0|17|31|19|0|170
Jalen Beeks|TEX|26.0|2|0|6|3.81|1.38|21|6|0|11|28|8|0|113
Orlando Ribalta|WSH|28.3|0|2|8|3.81|1.2|25|3|0|12|23|11|0|116
Jesse Scholtens|TBR|37.7|5|0|0|3.82|1.27|30|8|0|16|37|11|3|164
Ryan Zeferjahn|LAA|47.0|4|3|7|3.83|1.19|66|5|0|20|25|31|8|204
Taj Bradley|MIN|107.7|9|0|0|3.85|1.25|124|16|8|46|92|43|2|456
Tanner Bibee|CLE|119.0|4|0|0|3.86|1.15|92|20|12|51|102|35|2|482
AJ Blubaugh|HOU|63.0|4|0|5|3.86|1.29|66|8|0|27|50|31|1|267
Nolan Hoffman|PHI|4.7|0|0|0|3.86|1.93|2|0|0|2|6|3|0|21
Andrew Kittredge|BAL|28.0|1|3|5|3.86|1.29|25|4|0|12|29|7|0|121
Richard Lovelady|WSH|30.3|2|4|9|3.86|1.81|27|4|0|13|34|21|3|146
Cody Ponce|TOR|2.3|0|0|0|3.86|0.86|3|0|0|1|1|1|0|10
Carlos Rodriguez|MIL|9.3|0|0|0|3.86|1.5|8|1|0|4|10|4|0|42
Ryan Yarbrough|NYY|39.7|2|2|0|3.86|1.18|28|3|0|17|31|16|3|169
Logan Webb|SFG|107.0|5|0|0|3.87|1.11|85|9|11|46|92|27|6|438
Brad Lord|WSH|58.0|5|1|6|3.88|1.22|52|7|0|25|50|21|5|248
Chase Dollander|COL|44.0|3|0|0|3.89|1.3|47|6|1|19|39|18|3|189
Gregory Soto|PIT|41.7|5|13|7|3.89|1.08|47|5|0|18|27|18|2|170
Griffin Jax|TBR|81.0|6|0|2|3.89|1.22|82|13|2|35|72|27|2|334
Andrew Abbott|CIN|111.0|5|0|0|3.89|1.4|90|16|8|48|105|50|0|481
Shota Imanaga|CHC|115.0|6|0|0|3.91|1.11|109|22|8|50|100|28|3|464
Blas Castaño|COL|20.7|1|0|0|3.92|1.35|17|4|0|9|22|6|2|85
Gerrit Cole|NYY|62.0|3|0|0|3.92|1.1|66|11|6|27|56|12|1|255
Casey Legumina|TBR|41.3|2|0|6|3.92|1.28|29|4|0|18|42|11|6|176
Landen Roupp|SFG|110.0|7|0|0|3.93|1.24|113|8|10|48|91|45|3|457
Dietrich Enns|BAL|16.0|3|0|0|3.94|1.5|13|0|0|7|13|11|0|70
Craig Yoho|MIL|16.0|2|0|1|3.94|0.81|17|3|0|7|6|7|2|63
Clayton Beeter|WSH|29.7|3|8|5|3.94|1.31|33|5|0|13|20|19|2|128
Braxton Ashcraft|PIT|116.3|9|0|0|3.95|1.17|130|16|10|51|108|28|6|481
Sam Bachman|LAA|43.3|1|1|15|3.95|1.25|45|6|0|19|34|20|2|182
Kody Funderburk|MIN|27.3|1|1|6|3.95|1.43|18|2|0|12|20|19|2|121
Reynaldo López|ATL|66.0|4|0|1|3.95|1.36|60|10|1|29|62|28|1|283
Trevor Richards|CHW|38.7|0|0|1|3.96|1.11|38|8|0|17|31|12|0|159
Andrés Muñoz|SEA|36.3|3|17|0|3.96|1.21|55|4|0|16|29|15|1|154
Tommy Nance|MIN|36.3|2|0|2|3.96|1.38|39|5|0|16|34|16|0|157
Trevor Martin|TBR|11.3|0|0|0|3.97|1.59|7|4|0|5|14|4|2|54
Enmanuel De Jesus|DET|31.7|2|1|0|3.98|1.26|31|1|0|14|27|13|0|134
Mick Abel|MIN|20.3|1|0|0|3.98|1.57|23|0|2|9|22|10|3|93
Caleb Ferguson|CIN|20.3|1|1|2|3.98|1.57|20|3|0|9|23|9|0|91
Gavin Williams|CLE|119.3|10|0|0|4.0|1.15|145|20|7|53|100|37|3|485
Tim Mayza|PHI|45.0|2|0|1|4.0|1.16|44|4|0|20|41|11|1|184
Will Warren|NYY|99.0|7|0|1|4.0|1.37|97|14|5|44|102|34|3|433
Sandy Alcantara|MIA|143.7|10|0|0|4.01|1.23|110|17|15|64|139|38|7|598
Andre Pallante|STL|105.3|10|0|0|4.02|1.26|75|10|6|47|102|31|6|445
Brad Keller|PHI|31.3|2|3|13|4.02|1.34|32|4|0|14|29|13|2|135
Tyler Schweitzer|CHW|15.7|1|1|1|4.02|1.4|8|1|0|7|18|4|0|67
Javier Assad|CHC|62.3|6|0|0|4.04|1.16|39|12|1|28|56|16|1|251
Hunter Brown|HOU|40.0|1|0|0|4.05|1.45|43|5|3|18|30|28|4|177
Reid Detmers|LAA|120.0|3|0|0|4.05|1.1|136|13|8|54|95|37|4|493
Kenley Jansen|DET|26.7|2|11|1|4.05|1.28|30|5|0|12|17|17|0|113
Jared Jones|PIT|40.0|2|0|0|4.05|1.1|48|5|1|18|32|12|0|163
Owen Murphy|ATL|6.7|0|0|0|4.05|1.2|6|1|0|3|6|2|1|29
Cal Quantrill|TEX|53.3|3|0|0|4.05|1.31|32|8|1|24|53|17|5|230
Bryce Elder|ATL|108.7|6|0|0|4.06|1.23|90|17|11|49|101|33|2|457
Brenan Hanifee|DET|17.7|0|0|2|4.08|1.42|7|3|0|8|20|5|1|76
Bryse Wilson|MIL|17.7|0|0|0|4.08|1.36|14|3|0|8|22|2|2|76
Tyler Davis|CHW|26.3|2|1|0|4.1|1.22|22|2|0|12|17|15|0|106
Ryan Helsley|BAL|15.3|0|8|0|4.11|1.43|21|3|0|7|13|9|0|68
Kris Bubic|KCR|50.3|3|0|0|4.11|1.23|51|4|4|23|36|26|1|207
Tyler Kinley|ATL|35.0|5|0|10|4.11|1.26|36|7|0|16|30|14|1|144
Enyel De Los Santos|HOU|48.0|1|5|8|4.13|1.17|46|5|0|22|44|12|0|197
Kumar Rocker|TEX|96.0|3|0|0|4.13|1.31|86|12|5|44|90|36|3|411
Shane Baz|BAL|117.7|4|0|0|4.13|1.38|105|9|8|54|120|42|3|507
Isaac Mattson|PIT|32.7|0|0|8|4.13|1.38|29|3|0|15|31|14|1|141
Matthew Boyd|CHC|52.0|6|0|0|4.15|1.21|51|6|3|24|49|14|4|217
John Klein|MIN|4.3|0|0|0|4.15|1.62|2|1|0|2|3|4|0|19
Bryan Woo|SEA|110.3|7|0|0|4.16|1.09|109|12|11|51|98|22|3|450
Erick Fedde|CHW|93.0|5|0|0|4.16|1.4|66|16|1|43|95|35|3|405
Luis Severino|ATH|62.7|2|0|0|4.16|1.47|65|9|3|29|61|31|2|271
Drew Anderson|DET|58.3|3|2|6|4.17|1.32|73|9|0|27|54|23|4|254
Shawn Armstrong|CLE|32.3|2|0|8|4.18|1.39|33|4|0|15|28|17|2|141
Caleb Thielbar|CHC|30.0|2|2|7|4.2|1.27|39|8|0|14|25|13|0|128
Kai-Wei Teng|HOU|66.3|4|0|3|4.21|1.34|66|10|2|31|60|29|9|290
Ethan Roberts|CHC|25.7|0|0|0|4.21|1.4|17|3|0|12|22|14|3|110
Anthony Kay|CHW|98.3|7|0|0|4.21|1.37|80|14|3|46|95|40|19|444
Nathan Eovaldi|TEX|115.3|9|0|0|4.21|1.21|122|22|10|54|111|28|6|483
Andrew Alvarez|WSH|53.3|2|1|2|4.22|1.5|55|2|0|25|55|25|2|233
Tim Hill|NYY|38.3|3|1|9|4.23|1.15|18|7|0|18|35|9|4|158
Mason Fluharty|TOR|40.0|4|1|11|4.28|1.48|47|5|0|19|42|17|1|176
Mark Leiter Jr.|ATH|33.7|0|4|5|4.28|1.31|38|2|0|16|33|11|4|144
Trevor Rogers|BAL|96.7|6|0|0|4.28|1.3|77|10|8|46|94|32|1|409
Chris Murphy|CHW|23.0|3|1|1|4.3|1.43|22|2|0|11|21|12|2|102
Joey Gerber|NYM|8.3|0|0|0|4.32|1.2|8|1|0|4|6|4|0|34
Spencer Arrighetti|HOU|87.0|7|0|0|4.34|1.31|87|12|6|42|66|48|12|377
Craig Kimbrel|TBR|31.0|0|0|1|4.35|1.23|29|4|0|15|26|12|1|128
Seth Lugo|KCR|117.7|4|0|0|4.36|1.37|94|15|12|57|123|38|5|499
JP Sears|SDP|24.7|2|0|0|4.38|1.26|20|5|0|12|23|8|0|104
Sam Moll|CIN|41.0|1|1|4|4.39|1.39|45|5|0|20|34|23|5|184
Jeff Hoffman|TOR|43.0|5|5|11|4.4|1.42|67|4|0|21|45|16|5|194
Ryan Weathers|NYY|102.3|3|0|0|4.4|1.27|115|17|6|50|101|29|2|432
José Suarez|ATH|53.0|1|1|2|4.42|1.47|58|4|0|26|56|22|3|232
Gage Jump|ATH|57.0|3|0|0|4.42|1.42|61|7|3|28|60|21|3|245
Ryan Watson|BOS|52.7|1|1|1|4.44|1.29|42|8|0|26|49|19|3|226
Anthony Banda|MIN|34.3|2|2|10|4.46|1.34|33|3|0|17|31|15|8|156
Bubba Chandler|PIT|100.7|3|0|0|4.47|1.39|90|10|3|50|84|56|5|442
Luisangel Acuña|CHW|2.0|0|0|0|4.5|1.5|0|1|0|1|2|1|0|9
Gerardo Carrillo|ARI|2.0|0|0|0|4.5|2.0|1|0|0|1|3|1|0|9
Danny Coulombe|BOS|22.0|0|0|7|4.5|1.5|10|1|0|11|18|15|1|96
Jeff Criswell|COL|4.0|0|0|0|4.5|1.75|3|2|0|2|4|3|0|18
Seranthony Domínguez|CHW|34.0|3|12|4|4.5|1.32|42|6|0|17|25|20|2|147
Brett Kerry|LAA|4.0|0|0|0|4.5|1.0|2|0|0|2|3|1|0|16
Stephen Kolek|KCR|54.0|4|0|0|4.5|1.24|34|8|5|27|55|12|2|224
Jorge Mateo|ATL|2.0|0|0|0|4.5|2.5|0|0|0|1|4|1|0|10
David Morgan|SDP|22.0|2|0|1|4.5|1.77|26|2|0|11|26|13|3|105
Doug Nikhazy|CHW|2.0|0|0|0|4.5|1.5|1|0|0|1|1|2|0|9
Nick Pivetta|SDP|16.0|1|0|0|4.5|1.13|24|0|0|8|12|6|0|66
JR Ritchie|ATL|54.0|1|1|2|4.5|1.41|49|9|1|27|43|33|4|236
Lucas Sims|CHW|10.0|0|0|2|4.5|1.6|10|1|0|5|9|7|1|46
Drew Sommers|DET|12.0|0|0|5|4.5|1.58|16|1|0|6|12|7|1|54
Brett Sullivan|COL|6.0|0|0|0|4.5|1.83|1|1|0|3|9|2|0|27
Josh Walker|BAL|6.0|0|0|0|4.5|1.17|7|1|0|3|5|2|0|25
Kevin Gausman|TOR|115.7|4|0|0|4.51|1.28|117|15|10|58|114|34|1|491
Brady Singer|CIN|103.3|5|0|0|4.53|1.38|88|21|7|52|111|32|8|454
Mason Englert|TBR|35.7|0|1|0|4.54|1.43|32|9|0|18|43|8|1|157
Devin Williams|NYM|33.7|3|14|0|4.54|1.63|45|3|0|17|36|19|0|156
Grant Wolfram|BAL|29.7|2|1|11|4.55|1.31|32|1|0|15|31|8|4|131
Brent Suter|LAA|55.3|1|0|3|4.55|1.3|48|6|0|28|58|14|1|232
Bailey Ober|MIN|81.0|7|0|0|4.56|1.25|60|13|4|41|79|22|2|342
Chase Petty|CIN|25.7|1|1|0|4.56|1.13|11|4|0|13|22|7|3|109
Framber Valdez|DET|108.3|5|0|0|4.57|1.38|88|11|10|55|111|38|11|479
Matt Festa|CLE|41.3|2|1|7|4.57|1.4|45|6|0|21|45|13|4|186
Anthony Nunez|BAL|41.3|2|3|6|4.57|1.23|42|5|0|21|35|16|2|176
Brandon Pfaadt|ARI|59.0|4|0|2|4.58|1.31|44|8|1|30|59|18|4|254
Jack Flaherty|DET|86.3|3|0|0|4.59|1.41|102|11|2|44|80|42|7|389
Kyle Hurt|LAD|33.3|3|1|8|4.59|1.38|39|3|0|17|28|18|1|143
Nick Lodolo|CIN|62.7|3|0|0|4.6|1.47|50|9|3|32|65|27|9|279
Slade Cecconi|CLE|103.7|4|0|0|4.6|1.45|82|15|5|53|116|34|3|455
Tyler Zuber|MIA|13.7|0|1|4|4.61|1.39|15|3|0|7|16|3|2|62
Steven Cruz|KCR|35.0|2|1|2|4.63|1.26|42|10|0|18|28|16|1|146
Cole Sands|MIN|11.7|1|1|3|4.63|1.37|11|2|0|6|12|4|0|50
Austin Warren|NYM|35.0|1|0|0|4.63|1.49|37|5|0|18|34|18|3|157
Mason Barnett|ATH|21.3|1|2|0|4.64|1.36|21|5|0|11|17|12|0|90
Codi Heuer|CLE|9.7|0|0|1|4.66|1.76|6|0|0|5|12|5|1|46
Victor Mederos|ATL|9.7|0|1|0|4.66|1.14|7|0|0|5|8|3|0|39
Drey Jameson|ARI|17.3|0|0|0|4.67|1.44|13|1|0|9|16|9|1|76
Caleb Kilian|SFG|40.3|2|8|3|4.69|1.34|48|5|0|21|36|18|1|178
Domingo Gonzalez|SEA|7.7|0|0|0|4.7|1.83|5|1|0|4|9|5|0|36
Ryan Gusto|MIA|30.7|0|0|1|4.7|1.37|27|3|0|16|32|10|2|138
Ryne Stanek|STL|38.3|2|1|17|4.7|1.51|41|6|0|20|35|23|1|171
Paul Sewald|ARI|36.3|2|23|0|4.71|0.96|42|9|0|19|26|9|1|146
Mike Paredes|MIN|34.3|0|0|0|4.72|1.43|19|6|0|18|36|13|3|154
Randy Vásquez|SDP|87.7|6|0|1|4.72|1.52|63|14|4|46|106|27|3|386
Seth Halvorsen|COL|19.0|0|0|2|4.74|1.95|17|3|0|10|22|15|0|96
Sean Manaea|NYM|79.7|2|0|0|4.74|1.36|81|12|2|42|82|26|9|353
Elmer Rodríguez|NYY|17.0|0|0|0|4.76|1.76|10|1|0|9|19|11|3|83
Tomoyuki Sugano|COL|90.7|9|0|0|4.76|1.29|51|18|5|48|94|23|2|382
Dustin May|STL|98.0|5|0|0|4.78|1.32|95|7|9|52|97|32|6|414
Ron Marinaccio|SDP|47.0|1|0|1|4.79|1.45|38|9|0|25|50|18|3|203
Ian Seymour|TBR|67.7|6|2|10|4.79|1.17|79|12|1|36|53|26|4|283
MacKenzie Gore|TEX|110.7|6|0|0|4.8|1.28|122|14|6|59|100|42|5|475
Lazaro Estrada|TOR|9.3|0|0|0|4.82|0.96|6|2|0|5|4|5|0|36
Patrick Sandoval|BOS|9.3|0|0|0|4.82|1.71|10|1|0|5|14|2|0|42
Eric Lauer|LAD|82.0|5|0|0|4.83|1.26|52|20|4|44|75|28|2|346
Joel Kuhnel|MIL|35.3|1|6|5|4.84|1.47|22|6|0|19|40|12|4|157
Cole Ragans|KCR|35.3|1|0|0|4.84|1.42|45|10|3|19|27|23|0|151
Luis Castillo|SEA|94.7|3|0|1|4.85|1.33|84|14|4|51|96|30|5|417
Colin Rea|CHC|105.7|7|1|0|4.85|1.42|81|17|3|57|112|38|7|462
Luinder Avila|KCR|63.0|5|0|0|4.86|1.56|57|6|1|34|63|35|2|273
Cody Laweryson|MIN|16.7|1|1|2|4.86|1.38|18|3|0|9|15|8|2|78
Camilo Doval|NYY|37.0|3|1|4|4.86|1.41|35|6|0|20|37|15|2|165
Calvin Faucher|MIA|42.3|4|1|11|4.89|1.58|43|0|0|23|38|29|3|192
Mitch Keller|PIT|108.3|6|0|0|4.9|1.31|83|13|9|59|105|37|8|464
Robert Gasser|MIL|51.3|2|0|0|4.91|1.21|48|11|2|28|48|14|5|219
Cade Gibson|MIA|25.7|2|0|2|4.91|1.36|24|1|0|14|25|10|5|115
Geoff Hartlieb|ATH|11.0|1|0|0|4.91|1.64|4|1|0|6|12|6|0|49
Ryan Borucki|SFG|23.7|1|0|1|4.94|1.52|15|3|0|13|27|9|2|104
Ryne Nelson|ARI|83.3|3|0|0|4.97|1.24|62|18|6|46|81|22|5|355
Roki Sasaki|LAD|86.7|3|0|0|4.98|1.34|85|19|4|48|82|34|5|374
Connor Prielipp|MIN|66.7|2|0|0|5.0|1.37|71|8|3|37|66|25|5|294
Max Rajcic|STL|9.0|0|0|0|5.0|1.33|8|1|0|5|6|6|0|39
Freddy Peralta|NYM|109.7|5|0|0|5.01|1.46|110|17|4|61|114|46|5|492
Adam Macko|TOR|19.7|2|0|3|5.03|1.53|21|2|0|11|21|9|3|89
Mitch Bratt|ARI|10.7|0|0|0|5.06|1.78|7|3|0|6|13|6|1|51
Wilber Dotel|PIT|21.3|1|0|2|5.06|1.22|24|2|0|12|17|9|0|89
Jaden Hill|COL|26.7|0|2|11|5.06|1.65|28|2|0|15|27|17|3|127
Dean Kremer|BAL|32.0|1|0|0|5.06|1.19|34|10|2|18|30|8|0|130
Cole Sulser|TBR|44.3|1|2|10|5.08|1.35|45|6|0|25|46|14|0|190
Sam Aldegheri|LAA|33.7|3|0|0|5.08|1.43|22|5|0|19|31|17|1|151
Gavin Collyer|TEX|23.0|1|0|0|5.09|1.48|22|1|0|13|15|19|6|105
Janson Junk|MIA|69.0|4|0|0|5.09|1.35|51|11|2|39|73|20|1|295
Brandon Sproat|MIL|86.7|3|0|0|5.09|1.38|91|16|3|49|77|43|9|373
Adrian Houser|SFG|83.0|2|0|1|5.1|1.41|56|15|2|47|89|28|4|368
Edward Cabrera|CHC|72.3|5|0|0|5.1|1.4|65|14|4|41|72|29|1|309
Jonathan Pintaro|NYM|12.3|0|0|0|5.11|0.73|12|3|0|7|6|3|2|48
Justin Slaten|BOS|24.7|1|0|14|5.11|1.46|33|4|0|14|30|6|0|109
Trevor McDonald|SFG|70.3|3|0|0|5.12|1.31|57|7|5|40|69|23|12|310
Nick Mears|KCR|19.3|2|0|5|5.12|1.5|15|2|0|11|18|11|0|83
Eli Morgan|KCR|19.3|0|1|0|5.12|1.71|16|5|0|11|24|9|2|91
Cade Povich|BAL|19.3|1|0|0|5.12|1.34|12|4|1|11|19|7|1|82
Merrill Kelly|ARI|103.7|8|0|0|5.12|1.48|65|22|7|59|112|41|2|451
Emmet Sheehan|LAD|87.7|4|0|0|5.13|1.27|99|17|5|50|84|27|6|375
Matt Pushard|STL|7.0|0|0|0|5.14|1.43|6|0|0|4|6|4|1|32
Travis Adams|MIN|29.7|2|2|1|5.16|1.38|34|5|0|17|27|14|0|128
Lucas Giolito|SDP|29.7|2|0|0|5.16|1.85|18|4|0|17|32|23|1|138
Andrew Nardi|MIA|22.7|3|0|8|5.16|1.41|27|4|0|13|21|11|1|99
Joe Boyle|TBR|15.7|0|0|0|5.17|1.09|16|1|1|9|11|6|0|66
Will Dion|CLE|15.7|0|0|0|5.17|1.66|20|3|0|9|23|3|1|72
Michael Rucker|SEA|15.7|0|0|1|5.17|1.34|18|3|0|9|15|6|1|68
Matthew Liberatore|STL|99.0|5|0|0|5.18|1.52|95|18|4|57|112|38|4|437
Christian Roa|HOU|8.7|0|0|0|5.19|1.96|6|1|0|5|10|7|3|43
Jake Irvin|WSH|51.7|2|0|0|5.23|1.35|58|7|0|30|48|22|6|228
Peyton Pallette|CLE|20.7|1|0|1|5.23|1.6|22|2|0|12|17|16|3|97
Tony Santillan|CIN|31.0|1|5|11|5.23|1.39|28|9|0|18|29|14|0|134
Walker Buehler|SDP|94.7|6|0|0|5.23|1.43|84|12|3|55|95|40|4|412
Germán Márquez|SDP|44.7|4|0|0|5.24|1.54|30|11|0|26|47|22|1|199
Connor Seabold|KCR|24.0|1|0|1|5.25|1.71|20|2|0|14|30|11|3|115
Jimmy Herget|COL|27.3|0|3|5|5.27|1.57|28|5|0|16|31|12|2|124
Jose Quintana|COL|41.0|2|0|0|5.27|1.51|20|6|1|24|45|17|1|181
Chris Bassitt|BAL|56.3|4|0|0|5.27|1.63|37|6|2|33|70|22|8|261
Noah Cameron|KCR|100.7|5|0|0|5.27|1.46|92|14|5|59|113|34|2|449
Pierce Johnson|CIN|29.0|2|1|5|5.28|1.38|26|6|0|17|28|12|0|126
Connor Brogdon|CLE|15.3|2|1|4|5.28|1.11|14|5|0|9|14|3|0|67
Jack Leiter|TEX|80.0|3|0|0|5.29|1.44|83|14|2|47|80|35|4|355
Bryan Abreu|HOU|34.0|2|6|5|5.29|1.59|43|7|0|20|27|27|3|153
Coleman Crow|MIL|18.7|0|0|0|5.3|1.45|10|2|0|11|21|6|1|85
Spencer Strider|ATL|39.0|4|0|0|5.31|1.36|46|9|2|23|33|20|1|165
Tyler Mahle|SFG|83.0|2|0|0|5.31|1.45|77|13|2|49|87|33|1|359
Zack Littell|WSH|96.0|7|0|0|5.34|1.35|61|25|1|57|100|30|3|414
Jameson Taillon|CHC|72.0|2|0|0|5.38|1.32|65|22|4|43|70|25|2|307
Cody Bolton|HOU|20.0|0|1|0|5.4|1.75|22|3|0|12|21|14|1|95
Adrian Del Castillo|ARI|1.7|0|0|0|5.4|2.4|0|0|0|1|4|0|1|10
Lucas Erceg|KCR|38.3|4|12|3|5.4|1.7|27|5|0|23|42|23|4|176
Daniel Espino|CLE|5.0|0|0|0|5.4|1.6|9|1|0|3|5|3|0|23
Jose Franco|CIN|16.7|0|0|1|5.4|1.92|13|3|0|10|18|14|0|79
Alek Jacob|SDP|5.0|1|0|0|5.4|1.4|6|1|0|3|5|2|1|23
Zebby Matthews|MIN|70.0|4|0|0|5.4|1.34|58|15|7|42|73|21|2|297
Juan Mejia|COL|45.0|3|4|6|5.4|1.53|46|4|0|27|46|23|2|201
Anthony Molina|ATL|5.0|0|0|0|5.4|1.4|2|1|0|3|6|1|0|21
Dylan Moore|PHI|1.7|0|0|0|5.4|1.2|0|0|0|1|1|1|1|8
Evan Phillips|LAD|5.0|0|0|1|5.4|1.4|7|2|0|3|6|1|0|22
Alan Rangel|PHI|23.3|0|0|0|5.4|1.59|26|4|0|14|25|12|2|108
Tayler Saucedo|LAA|3.3|0|0|2|5.4|1.5|6|1|0|2|5|0|1|15
Chase Shugart|PHI|31.7|2|0|0|5.4|1.33|37|8|0|19|30|12|3|136
Robby Snelling|MIA|5.0|0|0|0|5.4|1.8|2|1|0|3|5|4|0|22
Hunter Stratton|PIT|3.3|0|0|0|5.4|1.8|3|0|0|2|6|0|0|15
Garrett Stubbs|PHI|3.3|0|0|0|5.4|1.5|0|0|0|2|4|1|0|15
Bruce Zimmermann|STL|5.0|0|0|0|5.4|1.4|2|0|0|3|6|1|0|21
Victor Vodnik|COL|31.3|3|4|4|5.46|1.72|23|3|0|19|35|19|1|144
Ryan Feltner|COL|65.7|3|0|0|5.48|1.42|50|14|5|40|65|28|1|285
Aaron Civale|CHC|77.0|5|0|0|5.49|1.65|60|17|1|47|102|25|2|354
Cionel Pérez|NYM|37.7|3|0|5|5.5|1.57|35|7|0|23|43|16|0|168
Patrick Corbin|TOR|80.0|3|1|0|5.51|1.54|63|12|1|49|98|25|6|360
Connor Phillips|CIN|27.7|1|1|5|5.53|1.77|28|3|0|17|21|28|3|133
Elvis Alvarado|ATH|29.0|3|2|4|5.59|1.24|36|7|0|18|23|13|1|120
Tatsuya Imai|HOU|58.0|6|0|0|5.59|1.47|71|9|5|36|49|36|4|258
Emilio Pagán|CIN|19.3|2|9|0|5.59|1.29|19|4|0|12|17|8|2|84
Drew Pomeranz|CHC|29.0|2|0|8|5.59|1.66|17|7|0|18|32|16|2|135
Matt Gage|SFG|27.3|4|1|5|5.6|1.65|22|6|0|17|28|17|1|126
Miles Mikolas|WSH|98.0|3|0|0|5.6|1.34|51|21|0|61|111|20|0|417
Brayan Bello|BOS|70.7|2|0|0|5.6|1.54|54|11|1|44|84|25|3|317
Jose Cabrera|ARI|17.7|0|0|0|5.6|1.53|12|3|0|11|20|7|2|81
Taylor Rogers|MIN|35.3|4|2|9|5.6|1.64|30|3|0|22|43|15|2|162
Max Lazar|PHI|8.0|0|0|0|5.63|1.38|5|3|0|5|8|3|0|35
Kyle Hart|SDP|35.0|0|0|5|5.66|1.14|30|4|0|22|28|12|3|145
Eric Orze|MIN|41.3|2|1|7|5.66|1.52|36|1|0|26|42|21|2|189
Keegan Akin|BAL|25.3|0|0|0|5.68|1.5|17|3|0|16|29|9|0|114
Shane Bieber|TOR|23.7|1|0|0|5.7|1.73|19|7|1|15|29|12|0|108
Robby Ahlstrom|TEX|17.3|3|0|4|5.71|1.56|14|2|0|11|19|8|0|77
Rhett Lowder|CIN|72.0|3|0|0|5.75|1.64|61|9|3|46|83|35|3|335
Cole Winn|TEX|34.3|5|1|8|5.77|1.34|35|5|0|22|36|10|1|151
Yusei Kikuchi|LAA|31.0|0|0|0|5.81|1.58|33|3|1|20|35|14|1|142
Aaron Nola|PHI|108.3|3|0|0|5.82|1.45|112|25|6|70|121|36|1|475
Kyle Backhus|PHI|15.3|1|0|1|5.87|1.57|15|3|0|10|22|2|2|72
Seth Johnson|PHI|15.3|1|0|0|5.87|1.63|20|1|0|10|12|13|1|73
Paxton Schultz|WSH|30.7|1|1|0|5.87|1.63|31|5|0|20|39|11|1|143
Jake Bird|NYY|30.3|1|0|7|5.93|1.55|31|4|0|20|36|11|5|139
Shaun Anderson|LAA|16.7|1|0|0|5.94|1.5|12|3|0|11|17|8|1|73
Carlos Carrasco|ATL|16.7|0|0|0|5.94|1.44|7|3|0|11|21|3|2|73
Tanner Gordon|COL|56.0|0|0|0|5.95|1.52|49|13|0|37|73|12|2|248
Jeffrey Springs|ATH|102.7|3|0|0|5.96|1.42|86|27|4|68|108|38|2|450
David Peterson|CHC|89.0|5|1|1|5.97|1.56|74|9|1|59|101|38|3|406
Mike Burrows|HOU|94.7|4|0|0|5.99|1.55|75|21|4|63|112|35|4|423
Luis Gastelum|STL|6.0|1|0|1|6.0|1.5|7|3|0|4|8|1|0|26
Brycen Mautz|STL|3.0|0|0|0|6.0|2.0|2|0|0|2|4|2|0|14
Javier Sanoja|MIA|3.0|0|0|0|6.0|1.33|1|0|0|2|3|1|1|14
Chase Solesky|TBR|3.0|0|0|1|6.0|2.33|4|1|0|2|6|1|0|17
Noah Schultz|CHW|56.7|3|0|0|6.04|1.46|49|9|2|38|54|29|6|253
Dennis Santana|PIT|41.7|2|2|5|6.05|1.51|37|8|0|28|42|21|2|186
Luis Gil|NYY|19.3|1|0|0|6.05|1.34|9|6|1|13|15|11|3|85
David Sandlin|CHW|19.3|2|0|0|6.05|1.29|20|4|2|13|15|10|0|80
Riley Cornelio|WSH|16.3|1|0|0|6.06|1.9|17|1|0|11|16|15|0|78
Hunter Greene|CIN|16.3|2|0|0|6.06|1.16|26|3|2|11|14|5|0|68
Will Vest|DET|26.7|3|2|7|6.08|1.43|27|2|0|18|28|10|2|116
Ryan Johnson|LAA|38.3|2|0|0|6.1|1.43|30|10|1|26|39|16|1|169
Brandon Williamson|CIN|28.0|2|0|0|6.11|1.64|19|4|1|19|26|20|3|128
Justin Sterner|ATH|42.7|2|1|12|6.12|1.38|40|11|0|29|46|13|0|184
Alex Lange|KCR|41.0|1|9|1|6.15|1.51|41|4|0|28|39|23|5|184
Phil Maton|CHC|27.7|0|0|5|6.18|1.81|31|5|0|19|34|16|5|136
Jack Kochanowicz|LAA|64.0|2|0|0|6.19|1.58|47|7|5|44|65|36|5|296
Zach McCambley|CIN|4.3|0|0|0|6.23|2.54|4|0|0|3|6|5|1|25
Wyatt Mills|LAD|4.3|0|0|0|6.23|2.31|4|0|0|3|3|7|1|24
Bennett Sousa|HOU|4.3|0|0|1|6.23|1.85|5|0|0|3|3|5|0|20
José Alvarado|PHI|36.0|3|1|9|6.25|1.61|50|3|0|25|44|14|6|171
Gus Varland|WSH|31.7|1|6|6|6.25|1.77|30|6|0|22|41|15|0|148
Tobias Myers|NYM|46.0|0|1|3|6.26|1.39|33|9|0|32|51|13|0|198
Osvaldo Bido|CHW|18.7|2|1|0|6.27|1.34|11|3|0|13|15|10|4|81
Jordan Leasure|CHW|18.7|2|0|3|6.27|1.23|18|6|0|13|15|8|0|78
Zak Kent|WSH|14.3|0|0|0|6.28|1.74|11|3|0|10|18|7|0|69
Steven Matz|TBR|53.0|4|0|1|6.28|1.4|41|11|3|37|55|19|1|230
Garrett Crochet|BOS|30.0|3|0|0|6.3|1.47|37|5|3|21|33|11|4|138
Eduardo Rivera|BOS|10.0|0|0|0|6.3|1.4|10|1|0|7|8|6|0|44
Matt Svanson|STL|41.3|2|0|2|6.31|1.57|40|5|0|29|46|19|2|190
Brandan Bidois|PIT|15.7|0|0|0|6.32|1.98|20|5|0|11|19|12|1|80
Zac Gallen|ARI|98.0|3|0|0|6.34|1.56|61|18|3|69|122|31|4|440
Alex Hoppe|SEA|24.0|0|0|1|6.38|1.46|26|1|0|17|25|10|1|108
Angel Zerpa|MIL|12.7|0|2|2|6.39|1.74|8|2|0|9|16|6|0|55
Simeon Woods Richardson|TOR|57.7|1|0|0|6.4|1.75|31|9|1|41|69|32|2|265
Zach Agnos|COL|61.7|0|2|0|6.42|1.59|39|8|0|44|74|24|4|281
Scott Barlow|ATH|33.3|2|2|10|6.48|1.35|29|7|0|24|26|19|7|152
Brady Basso|ATH|8.3|0|0|1|6.48|1.92|7|1|0|6|14|2|0|41
Michael Lorenzen|COL|100.7|3|0|0|6.53|1.79|78|16|2|73|141|39|5|482
Mitchell Parker|WSH|39.7|3|1|7|6.58|1.49|34|9|0|29|46|13|2|178
Jordan Romano|COL|13.7|0|7|1|6.59|1.83|20|1|0|10|15|10|1|67
Jacob Lopez|ATH|59.7|4|0|1|6.64|1.73|49|11|0|44|67|36|2|281
Griffin Canning|SDP|59.3|1|0|0|6.67|1.62|59|9|1|44|64|32|2|265
Brandon Eisert|PIT|31.0|2|0|2|6.68|1.39|36|6|0|23|31|12|0|136
Philip Abner|ARI|9.3|0|0|0|6.75|1.5|5|2|0|7|8|6|0|41
Tristan Beck|SFG|10.7|0|1|0|6.75|1.41|5|1|0|8|13|2|0|47
Beau Brieske|DET|9.3|0|0|0|6.75|1.39|8|3|0|7|9|4|0|39
Hunter Harvey|CHC|4.0|0|0|0|6.75|1.5|4|2|0|3|5|1|0|18
Jack Perkins|ATH|62.7|2|3|2|6.75|1.42|76|11|0|47|65|24|7|285
Ildemaro Vargas|ARI|2.7|0|0|0|6.75|1.88|0|0|0|2|2|3|1|13
Ken Waldichuk|WSH|9.3|0|0|0|6.75|1.5|8|4|0|7|8|6|1|41
Chris Paddack|TEX|57.0|0|0|0|6.79|1.67|40|9|1|43|76|19|2|267
Lance McCullers Jr.|MIL|42.3|2|0|1|6.8|1.49|47|7|2|32|40|23|2|184
Hunter Bigge|TBR|19.3|1|0|5|6.98|1.45|14|1|0|15|14|14|0|85
Andrew Painter|PHI|65.0|1|0|0|7.06|1.66|53|14|2|51|84|24|3|299
Matt Strahm|KCR|33.0|3|0|12|7.09|1.45|27|10|0|26|35|13|2|148
Tyler Ferguson|CHC|12.7|0|0|3|7.11|1.03|16|5|0|10|13|0|3|54
Tanner Banks|PHI|29.0|0|0|2|7.14|2.0|32|7|0|23|45|13|0|146
Luis Mey|CIN|8.7|0|0|1|7.27|1.96|14|2|0|7|7|10|3|46
Kyle Freeland|COL|94.0|2|0|0|7.28|1.56|83|20|2|76|127|20|5|429
Justin Lawrence|WSH|34.3|0|1|2|7.34|1.95|43|9|0|28|39|28|6|177
Trey Gibson|BAL|33.0|1|0|0|7.36|1.91|30|7|0|27|38|25|1|161
Nick Raquet|BAL|3.7|0|0|0|7.36|1.36|1|1|0|3|3|2|1|17
Cam Sanders|BAL|11.0|1|1|0|7.36|1.73|15|1|0|9|9|10|1|53
Pete Fairbanks|MIA|30.3|3|13|2|7.42|1.52|41|8|0|25|32|14|3|139
Jake Woodford|CHC|25.3|1|1|0|7.46|1.82|23|4|0|21|39|7|0|123
Charlie Barnes|LAD|12.0|0|0|0|7.5|1.92|4|3|0|10|17|6|1|59
Brandon Leibrandt|CIN|6.0|0|0|0|7.5|2.17|3|2|0|5|10|3|0|30
Ryan Walker|SFG|26.3|0|3|3|7.52|1.82|19|4|0|22|33|15|1|125
Matt Waldron|SDP|28.7|1|0|0|7.53|1.57|27|6|0|24|37|8|2|130
Luis Curvelo|TEX|8.3|0|0|1|7.56|1.92|4|3|0|7|13|3|0|41
Valente Bellozo|COL|10.7|0|0|0|7.59|1.59|8|5|0|9|10|7|1|48
Ryan Weiss|HOU|26.0|0|0|0|7.62|2.12|30|8|0|22|35|20|0|131
Aaron Bummer|ATL|15.3|1|0|4|7.63|1.83|13|6|0|13|18|10|1|77
Hunter Barco|PIT|11.7|0|0|1|7.71|1.97|8|3|0|10|14|9|2|60
Ronel Blanco|HOU|4.7|0|0|0|7.71|1.07|8|2|0|4|2|3|0|19
Chris Devenski|PIT|2.3|0|0|0|7.71|2.14|3|1|0|2|5|0|0|12
Ian Hamilton|ATL|4.7|0|0|0|7.71|1.93|4|0|0|4|6|3|0|23
Andrew Hoffmann|ARI|11.7|1|0|0|7.71|2.06|12|3|0|10|16|8|1|59
Chayce McDermott|LAD|2.3|0|0|0|7.71|1.29|1|1|0|2|3|0|0|10
Yariel Rodríguez|TOR|9.3|0|0|1|7.71|2.04|6|2|0|8|12|7|1|45
Cole Henry|WSH|13.7|0|0|0|7.9|1.76|15|4|0|12|17|7|3|70
Tommy Kahnle|BOS|9.0|0|0|0|8.0|2.0|5|2|0|8|12|6|0|43
Justin Topa|MIN|19.0|0|2|4|8.05|2.0|12|4|0|17|27|11|1|92
J.P. France|HOU|6.7|0|0|0|8.1|1.65|4|1|0|6|6|5|1|31
Chase Lee|TOR|3.3|0|0|0|8.1|1.8|1|2|0|3|2|4|0|15
Reiver Sanmartin|SFG|3.3|1|0|0|8.1|1.5|4|3|0|3|4|1|0|15
Jonathan Hernández|LAD|17.7|0|0|0|8.15|1.75|15|4|0|16|19|12|0|83
Joel Payamps|ATL|7.7|0|0|2|8.22|1.7|9|2|0|7|9|4|0|36
Grayson Rodriguez|LAA|35.0|3|0|0|8.23|1.77|27|5|0|32|45|17|4|168
Keegan Thompson|COL|12.0|0|0|0|8.25|1.75|11|1|0|11|19|2|0|57
Joey Estes|ATH|4.3|0|0|0|8.31|1.38|4|1|0|4|5|1|0|18
Hayden Juenger|ATH|4.3|0|0|0|8.31|2.08|2|0|0|4|6|3|0|22
Hurston Waldrep|ATL|10.7|0|0|1|8.44|2.16|9|3|0|10|13|10|2|56
José Urquidy|PIT|6.3|0|1|0|8.53|2.68|6|1|0|6|15|2|0|36
Kyle Nicolas|CIN|7.3|1|0|0|8.59|2.86|7|1|0|7|8|13|0|42
Matt Krook|WSH|8.3|0|0|2|8.64|1.92|9|2|0|8|9|7|2|43
Carson Palmquist|WSH|11.3|0|0|0|8.74|1.68|14|1|0|11|16|3|3|54
Chris Roycroft|TBR|15.3|0|0|0|8.8|2.22|13|5|0|15|23|11|1|80
Kodai Senga|NYM|40.7|0|0|0|8.85|1.84|49|12|1|40|45|30|2|194
Sean Sullivan|COL|22.3|0|0|0|8.87|2.01|16|5|0|22|34|11|3|114
Orlando Arcia|MIN|1.0|0|0|0|9.0|3.0|0|0|0|1|1|2|0|5
Cameron Foster|BAL|9.0|0|0|0|9.0|2.78|9|1|0|9|17|8|0|49
Luis García|MIN|15.0|0|2|1|9.0|1.93|6|2|0|15|23|6|1|74
Woo-Suk Go|MIN|4.0|0|0|1|9.0|2.5|5|2|0|4|8|2|0|22
Landon Knack|LAD|5.0|0|0|0|9.0|1.6|4|4|0|5|6|2|1|24
Jared Koenig|MIL|7.0|0|0|1|9.0|2.71|7|1|0|7|12|7|1|41
Luke Little|CHC|1.0|0|0|0|9.0|2.0|1|1|0|1|2|0|0|5
Chris Martin|TEX|14.0|1|0|1|9.0|1.93|9|4|0|14|25|2|1|66
César Salazar|HOU|1.0|0|0|0|9.0|1.0|0|1|0|1|1|0|0|4
Winston Santos|TEX|2.0|0|0|0|9.0|1.5|1|1|0|2|2|1|0|9
Jared Shuster|STL|9.0|0|0|0|9.0|1.89|4|1|0|9|11|6|0|44
Josh Simpson|SEA|3.0|0|0|0|9.0|2.0|3|2|0|3|4|2|0|15
Kade Strowd|ARI|1.0|0|0|0|9.0|4.0|1|0|0|1|1|3|0|7
Taijuan Walker|PHI|22.7|1|0|0|9.13|2.07|17|8|0|23|36|11|1|115
Joe Ross|TEX|11.7|0|0|1|9.26|1.89|7|3|0|12|16|6|0|57
Jason Alexander|HOU|18.3|1|0|0|9.33|1.58|14|4|1|19|21|8|1|84
Cristian Javier|HOU|16.3|0|0|0|9.37|2.2|14|3|0|17|21|15|2|83
Jayden Murray|CHC|16.3|0|0|0|9.37|2.08|14|3|0|17|25|9|0|79
Brendan Beck|NYY|6.7|0|0|0|9.45|1.8|4|4|0|7|7|5|0|31
TJ Shook|COL|5.7|0|0|0|9.53|1.94|6|3|0|6|10|1|0|27
Ben Casparius|LAD|4.7|0|0|0|9.64|2.14|4|1|0|5|6|4|0|23
Andre Granillo|WSH|9.3|0|0|0|9.64|2.25|3|2|0|10|13|8|1|50
Alek Manoah|LAA|7.3|0|0|0|9.82|2.18|5|1|0|8|8|8|0|39
Johan Oviedo|BOS|3.7|0|0|0|9.82|1.91|3|2|0|4|6|1|1|18
Taylor Rashi|ARI|3.7|1|0|0|9.82|1.09|4|1|0|4|3|1|0|15
Connor Thomas|ATL|3.7|0|0|0|9.82|1.64|2|1|0|4|5|1|0|17
Zach Maxwell|CIN|10.0|0|1|1|9.9|2.4|9|3|0|11|14|10|0|54
Austin Voth|MIN|10.0|0|0|0|9.9|2.5|3|3|0|11|19|6|0|56
Eric Cerantola|KCR|5.3|0|0|0|10.13|2.63|7|2|0|6|4|10|0|27
Sammy Peralta|COL|2.7|0|0|0|10.13|1.88|4|1|0|3|3|2|2|15
Max Scherzer|TOR|22.0|1|0|0|10.23|1.73|14|9|2|25|27|11|1|102
Kolby Allard|CLE|8.7|0|0|0|10.38|2.19|9|2|0|10|16|3|1|45
John Brebbia|COL|4.3|0|0|0|10.38|1.62|2|2|0|5|7|0|0|21
Antwone Kelly|PIT|4.3|0|0|0|10.38|1.85|1|2|0|5|6|2|0|20
Jordan Wicks|CHC|10.3|0|2|0|10.45|1.94|8|1|0|12|18|2|1|50
Carlos Cortes|ATH|6.0|0|0|0|10.5|2.67|1|3|0|7|11|5|0|33
Edwin Díaz|LAD|6.0|1|4|0|10.5|2.33|10|1|0|7|9|5|1|33
Corbin Martin|CHC|5.0|0|1|0|10.8|2.0|4|2|0|6|5|5|0|25
Shane Smith|CHW|8.3|0|0|0|10.8|2.52|11|1|0|10|12|9|1|49
Emiliano Teodo|TEX|1.7|0|0|0|10.8|3.0|1|0|0|2|3|2|0|10
Jonathan Heasley|TBR|4.0|0|0|0|11.25|2.0|2|2|0|5|8|0|0|19
James McCann|ARI|4.0|0|0|0|11.25|3.0|0|1|0|5|9|3|0|23
Nick Sandlin|LAA|8.7|0|0|0|11.42|1.62|6|2|0|11|9|5|3|40
Colton Gordon|HOU|9.3|0|0|0|11.57|2.57|11|6|0|12|21|3|1|50
George Klassen|LAA|4.7|0|0|0|11.57|3.64|6|1|0|6|7|10|0|32
Kade Morris|ATH|10.0|0|0|0|11.7|2.5|6|4|0|13|19|6|0|53
Josh Fleming|TOR|3.0|0|0|0|12.0|2.67|1|1|0|4|6|2|1|18
Blake Snell|LAD|3.0|0|0|0|12.0|2.67|5|0|0|4|6|2|0|18
Justin Verlander|DET|3.7|0|0|0|12.27|2.18|1|1|0|5|6|2|0|19
Austin Hedges|CLE|1.3|0|0|0|13.5|3.0|0|0|0|2|4|0|0|8
Tyler Heineman|TOR|3.3|0|0|0|13.5|2.4|0|1|0|5|7|1|0|18
Alex Jackson|MIN|2.0|0|0|0|13.5|2.0|0|2|0|3|3|1|0|10
Christian Koss|SFG|2.0|0|0|0|13.5|2.5|0|0|0|3|5|0|0|10
Joey Lucchesi|LAA|3.3|0|0|1|13.5|3.9|4|1|0|5|7|6|1|24
Rolddy Muñoz|ATL|2.0|0|0|0|13.5|3.0|3|1|0|3|5|1|0|12
Miguel Rojas|LAD|4.0|0|0|0|13.5|2.5|0|2|0|6|9|1|1|23
Bailey Falter|KCR|9.7|0|0|0|13.97|3.1|6|4|0|15|24|6|0|57
Jose Trevino|CIN|5.0|0|0|0|14.4|3.0|1|0|0|8|14|1|1|29
Luis Morales|ATH|9.3|0|0|0|14.46|3.11|7|5|0|15|17|12|1|55
Braxton Garrett|MIA|4.3|0|0|0|14.54|3.46|5|0|0|7|7|8|0|28
Carson Seymour|SFG|4.3|0|0|1|14.54|3.0|2|1|0|7|11|2|0|25
Lou Trivino III|PHI|6.0|0|0|0|15.0|2.83|7|1|0|10|10|7|1|36
Weston Wilson|BAL|2.3|0|0|0|15.43|2.57|0|2|0|4|6|0|0|13
Ricky Vanasco|DET|6.3|0|0|1|15.63|3.16|4|2|0|11|14|6|0|40
Roddery Muñoz|HOU|4.0|0|0|0|15.75|3.25|6|3|0|7|7|6|0|25
Michael Kelly|ATH|5.0|0|0|0|16.2|3.6|6|1|0|9|12|6|0|32
Jorbit Vivas|WSH|2.7|0|0|0|16.88|3.38|0|1|0|5|8|1|1|18
Tyler Gilbert|CHW|3.7|0|0|0|17.18|3.0|3|2|0|7|7|4|0|22
Brendon Little|TOR|7.7|0|0|0|17.61|3.13|9|4|0|15|16|8|0|44
Adam Frazier|LAA|2.0|0|0|0|18.0|4.5|0|1|0|4|7|2|0|14
Carson Kelly|CHC|1.0|0|0|0|18.0|2.0|0|2|0|2|2|0|0|5
Zach McKinstry|DET|1.0|0|0|0|18.0|5.0|0|0|0|2|2|3|0|8
Jedixson Paez|CHW|3.0|0|0|0|18.0|2.33|0|2|0|6|4|3|0|16
Jose Corniell|TEX|4.3|0|0|0|20.77|3.46|4|2|0|10|11|4|0|28
Kyle Higashioka|TEX|3.0|0|0|0|21.0|3.0|0|1|0|7|8|1|1|18
Mitch Spence|KCR|9.3|0|0|0|21.21|3.0|6|3|0|22|19|9|0|56
Yaramil Hiraldo|BAL|1.7|0|0|0|21.6|4.2|2|2|0|4|3|4|0|12
José Buttó|SFG|2.0|0|0|0|22.5|5.0|5|2|0|5|6|4|0|16
Wilkin Ramos|SFG|2.0|0|0|0|22.5|4.5|1|0|0|5|5|4|0|15
Joey Wiemer|WSH|2.0|0|0|0|22.5|4.5|0|1|0|5|7|2|1|16
Tyler Tolbert|KCR|4.7|0|0|0|25.07|4.29|0|4|0|13|17|3|1|33
Rodolfo Durán|SDP|3.0|0|0|0|27.0|3.33|0|2|0|9|9|1|0|19
Max Kranick|WSH|1.7|0|0|0|27.0|4.2|2|1|0|5|4|3|0|12
Joe La Sorsa|BOS|0.3|0|0|0|27.0|3.0|1|1|0|1|1|0|0|2
Lyon Richardson|CIN|1.7|0|0|0|27.0|2.4|3|2|0|5|2|2|1|10
Luis Torrens|NYM|0.3|0|0|0|27.0|6.0|0|1|0|1|2|0|0|3
Andrew Wantz|TBR|1.7|0|0|0|27.0|2.4|1|1|0|5|2|2|2|11
Matt Seelinger|NYM|2.0|0|0|0|31.5|4.5|2|1|0|7|5|4|0|15
Buddy Kennedy|SFG|1.0|0|0|0|36.0|6.0|0|0|0|4|4|2|0|9
Jackson Rutledge|WSH|1.3|0|0|0|47.25|6.0|2|0|0|7|6|2|0|12
Yunior Tur|ATH|2.7|0|0|0|47.25|6.0|3|3|0|14|12|4|0|24
Josh White|MIA|0.7|0|0|0|67.5|7.5|1|1|0|5|1|4|1|8
Aaron Brooks|TBR|0.3|0|0|0|81.0|9.0|0|1|0|3|1|2|0|4
Yilber Díaz|ARI|0.7|0|0|0|94.5|12.0|0|1|0|7|7|1|0|10
Yunior Marte|CIN|0.3|0|0|0|108.0|12.0|1|0|0|4|3|1|1|6
Carlos Estévez|KCR|0.3|0|0|0|162.0|18.0|0|1|0|6|4|2|0|7
